Library_ID,RBS_Sequence,SD_Sequence,Spacer_Sequence,Predicted_Rate,Strength_Category,Recommended_Use
RBS_LIB_001,AGGAGAAAAAAATG,AGGAGA,AAAAA,-171.6137,Weak,High expression
RBS_LIB_002,AAGGAGACCTTCCATG,AAGGAG,ACCTTCC,-231.6535,Weak,Tunable expression
RBS_LIB_003,AAGGAGTAAAAATG,AAGGAG,TAAAA,-245.1243,Weak,High expression
RBS_LIB_004,AAGGAGGACAAAGATG,AAGGAG,GACAAAG,-255.5904,Weak,High expression
RBS_LIB_005,AGGAAGTTCACATG,AGGAAG,TTCAC,-260.5611,Weak,Low expression
RBS_LIB_006,AAGGAGTAAACAAATG,AAGGAG,TAAACAA,-269.9330,Weak,Moderate expression
RBS_LIB_007,AAGGAGCACAAATG,AAGGAG,CACAA,-271.1823,Weak,High expression
RBS_LIB_008,AAGGAGTAGAAATG,AAGGAG,TAGAA,-274.9331,Weak,Moderate expression
RBS_LIB_009,AGGAGGTAAAAAAATG,AGGAGGT,AAAAAA,-278.1512,Weak,Low expression
RBS_LIB_010,AAGGAGGAAATAATG,AAGGAGG,AAATA,-278.5043,Weak,Moderate expression
RBS_LIB_011,AGGGAGGGGTTTCATG,AGGGAG,GGGTTTC,-281.8502,Weak,Tunable expression
RBS_LIB_012,AAGGAGGGAACAAAATG,AAGGAGG,GAACAAA,-282.2102,Weak,Low expression
RBS_LIB_013,AGGAAGAAATAATG,AGGAAG,AAATA,-282.3829,Weak,Tunable expression
RBS_LIB_014,AGGAGGACTCAATG,AGGAGG,ACTCA,-286.2082,Weak,Moderate expression
RBS_LIB_015,AAGGAGTTTCTCATG,AAGGAG,TTTCTC,-300.4333,Weak,Tunable expression
RBS_LIB_016,AAGGAGTTTACAACCATG,AAGGAG,TTTACAACC,-303.5622,Weak,Low expression
RBS_LIB_017,AGGAGGAACCATCTTGATG,AGGAGG,AACCATCTTG,-308.1087,Weak,Low expression
RBS_LIB_018,AGGAAGTGAGAAATG,AGGAAG,TGAGAA,-310.3545,Weak,Low expression
RBS_LIB_019,AGGAAGGGGCCCAGGTATG,AGGAAG,GGGCCCAGGT,-310.9016,Weak,Low expression
RBS_LIB_020,AGGAAGTAAACTAATG,AGGAAG,TAAACTA,-310.9533,Weak,Tunable expression
RBS_LIB_021,AGGAAGAGTAATTTAGATG,AGGAAG,AGTAATTTAG,-312.3010,Weak,Low expression
RBS_LIB_022,AGGAAGAATTAATG,AGGAAG,AATTA,-317.6310,Weak,Low expression
RBS_LIB_023,AGGAAGTAGGAAATG,AGGAAG,TAGGAA,-326.4958,Weak,High expression
RBS_LIB_024,AAGGAGGCAAACATG,AAGGAGG,CAAAC,-328.4368,Weak,Tunable expression
RBS_LIB_025,AGGGAGGACAGAAATTATG,AGGGAG,GACAGAAATT,-329.3333,Weak,Low expression
RBS_LIB_026,AAGGAGAATCCTATG,AAGGAG,AATCCT,-336.6038,Weak,Moderate expression
RBS_LIB_027,AGGAGGTCTGAAATG,AGGAGG,TCTGAA,-337.0961,Weak,Moderate expression
RBS_LIB_028,GAGGAGGGGATATG,GAGGAG,GGGAT,-337.4087,Weak,Moderate expression
RBS_LIB_029,AGGGAGAAGCCTGAAGATG,AGGGAG,AAGCCTGAAG,-342.5156,Weak,Tunable expression
RBS_LIB_030,AAGGAGGGTTCGAACCTATG,AAGGAGG,GTTCGAACCT,-344.8026,Weak,Tunable expression
RBS_LIB_031,AGGAAGATCTTCAATG,AGGAAG,ATCTTCA,-352.6609,Weak,Moderate expression
RBS_LIB_032,AGGAAGTCTGTCATG,AGGAAG,TCTGTC,-352.9871,Weak,Tunable expression
RBS_LIB_033,AGGAAGTTTAGGATG,AGGAAG,TTTAGG,-353.4268,Weak,Low expression
RBS_LIB_034,AAGGAGGTCCTATG,AAGGAG,GTCCT,-354.6541,Weak,Low expression
RBS_LIB_035,AGGAGGAGTCAAATG,AGGAGG,AGTCAA,-361.3406,Weak,High expression
RBS_LIB_036,AGGGAGTATTGATG,AGGGAG,TATTG,-366.3488,Weak,Tunable expression
RBS_LIB_037,AGGAAGAGAGTGTTGAATG,AGGAAG,AGAGTGTTGA,-368.8639,Weak,Low expression
RBS_LIB_038,AGGGAGTACCACAAATG,AGGGAG,TACCACAA,-372.5437,Weak,Low expression
RBS_LIB_039,AGGAAGAGTCCCTATG,AGGAAG,AGTCCCT,-374.1607,Weak,Moderate expression
RBS_LIB_040,AGGGAGTTGTTAATG,AGGGAG,TTGTTA,-376.3854,Weak,Moderate expression
RBS_LIB_041,AGGAGGTAAACCATG,AGGAGGT,AAACC,-378.2576,Weak,Moderate expression
RBS_LIB_042,AAGGAGTATTAAAAATG,AAGGAG,TATTAAAA,-380.0004,Weak,High expression
RBS_LIB_043,AGGAGGGTTGTGAACATG,AGGAGG,GTTGTGAAC,-380.8282,Weak,Moderate expression
RBS_LIB_044,AAGGAGTTTCAACACGATG,AAGGAG,TTTCAACACG,-381.8632,Weak,Moderate expression
RBS_LIB_045,AGGAGGTAGAAAAATG,AGGAGGT,AGAAAA,-383.4251,Weak,High expression
RBS_LIB_046,AGGGAGATTAACATG,AGGGAG,ATTAAC,-391.5869,Weak,High expression
RBS_LIB_047,AGGGAGTTAACCAGTCATG,AGGGAG,TTAACCAGTC,-392.2782,Weak,Moderate expression
RBS_LIB_048,AGGAGGCTGACATG,AGGAGG,CTGAC,-392.3883,Weak,Tunable expression
RBS_LIB_049,AAGGAGGCTCAAAAATG,AAGGAGG,CTCAAAA,-392.7286,Weak,Low expression
RBS_LIB_050,GAGGAGGCTGAAGAATATG,GAGGAG,GCTGAAGAAT,-394.0614,Weak,Low expression
RBS_LIB_051,GAGGAGGACTTCATG,GAGGAG,GACTTC,-397.2371,Weak,Moderate expression
RBS_LIB_052,AGGAGGGGTCATATG,AGGAGG,GGTCAT,-398.1953,Weak,Tunable expression
RBS_LIB_053,AAGGAGGCTTGAAGTGTATG,AAGGAGG,CTTGAAGTGT,-398.9601,Weak,High expression
RBS_LIB_054,AGGAGGTCTAACAATG,AGGAGGT,CTAACA,-411.6853,Weak,Tunable expression
RBS_LIB_055,AAGGAGACTGATGCATATG,AAGGAG,ACTGATGCAT,-415.2799,Weak,High expression
RBS_LIB_056,AGGAGACAGTAATG,AGGAGA,CAGTA,-419.7365,Weak,High expression
RBS_LIB_057,AAGGAGGCGTTCATG,AAGGAG,GCGTTC,-419.7834,Weak,High expression
RBS_LIB_058,AAGGAGGTTACCTATG,AAGGAGG,TTACCT,-430.6596,Weak,Low expression
RBS_LIB_059,AGGGAGACAAGCATGCATG,AGGGAG,ACAAGCATGC,-438.4009,Weak,Moderate expression
RBS_LIB_060,AGGGAGCCATTATG,AGGGAG,CCATT,-439.2935,Weak,Tunable expression
